{
  "project_info": {
    "project_number": "674811312950",
    "project_id": "eston-9a489",
    "storage_bucket": "eston-9a489.appspot.com"
  },
  "client": [
    {
      "client_info": {
        "mobilesdk_app_id": "1:674811312950:android:7e4726444bb9addbe99197",
        "android_client_info": {
          "package_name": "com.eston"
        }
      },
      "oauth_client": [
        {
          "client_id": "674811312950-gd3j8oqab3b1fdsf2s7gcpkmm90q57r9.apps.googleusercontent.com",
          "client_type": 3
        }
      ],
      "api_key": [
        {
          "current_key": "AIzaSyDPpKbDyveoG7PxT8Sb-w1vPCYwEfnzT28"
        }
      ],
      "services": {
        "appinvite_service": {
          "other_platform_oauth_client": [
            {
              "client_id": "674811312950-gd3j8oqab3b1fdsf2s7gcpkmm90q57r9.apps.googleusercontent.com",
              "client_type": 3
            }
          ]
        }
      }
    }
  ],
  "configuration_version": "1"
}